{
  "0": {
    "precision": 0.0,
    "recall": 0.0,
    "f1-score": 0.0,
    "support": 1.0
  },
  "1": {
    "precision": 0.0,
    "recall": 0.0,
    "f1-score": 0.0,
    "support": 0.0
  },
  "2": {
    "precision": 0.0,
    "recall": 0.0,
    "f1-score": 0.0,
    "support": 3.0
  },
  "8": {
    "precision": 0.25,
    "recall": 0.2,
    "f1-score": 0.2222222222222222,
    "support": 5.0
  },
  "10": {
    "precision": 0.0,
    "recall": 0.0,
    "f1-score": 0.0,
    "support": 1.0
  },
  "11": {
    "precision": 0.0,
    "recall": 0.0,
    "f1-score": 0.0,
    "support": 2.0
  },
  "12": {
    "precision": 0.0,
    "recall": 0.0,
    "f1-score": 0.0,
    "support": 3.0
  },
  "13": {
    "precision": 0.0,
    "recall": 0.0,
    "f1-score": 0.0,
    "support": 1.0
  },
  "15": {
    "precision": 0.16666666666666666,
    "recall": 0.2,
    "f1-score": 0.18181818181818182,
    "support": 5.0
  },
  "16": {
    "precision": 0.4,
    "recall": 0.4,
    "f1-score": 0.4,
    "support": 15.0
  },
  "17": {
    "precision": 0.23076923076923078,
    "recall": 0.23076923076923078,
    "f1-score": 0.23076923076923078,
    "support": 13.0
  },
  "accuracy": 0.22448979591836735,
  "macro avg": {
    "precision": 0.09522144522144523,
    "recall": 0.09370629370629371,
    "f1-score": 0.09407360316451227,
    "support": 49.0
  },
  "weighted avg": {
    "precision": 0.22619047619047616,
    "recall": 0.22448979591836735,
    "f1-score": 0.2249020820449392,
    "support": 49.0
  }
}